{
    "P": [
        [
            -0.7025492191314697,
            -5.0,
            -0.21487176418304443
        ],
        [
            2.152740955352783,
            3.7666070461273193,
            5.0
        ],
        [
            5.0,
            0.7377547025680542,
            0.6478279829025269
        ],
        [
            -3.079000949859619,
            0.349506139755249,
            -5.0
        ],
        [
            -2.2599518299102783,
            3.092700958251953,
            5.0
        ],
        [
            2.228365421295166,
            5.0,
            1.1613959074020386
        ],
        [
            -0.9356081485748291,
            5.0,
            -3.896986484527588
        ],
        [
            3.810776472091675,
            -0.6880989670753479,
            -5.0
        ],
        [
            -5.0,
            4.204851150512695,
            0.3410559892654419
        ],
        [
            -0.49646973609924316,
            -5.0,
            4.654054641723633
        ],
        [
            4.43910026550293,
            -0.7363957166671753,
            5.0
        ],
        [
            -5.0,
            -1.174705982208252,
            -0.7762765884399414
        ]
    ],
    "scale": [
        [
            1.0,
            1.0,
            1.0
        ],
        [
            1.0,
            1.0,
            1.0
        ],
        [
            1.0,
            1.0,
            1.0
        ],
        [
            1.0,
            1.0,
            1.0
        ],
        [
            1.0,
            1.0,
            1.0
        ],
        [
            1.0,
            1.0,
            1.0
        ],
        [
            1.0,
            1.0,
            1.0
        ],
        [
            1.0,
            1.0,
            1.0
        ],
        [
            1.0,
            1.0,
            1.0
        ],
        [
            1.0,
            1.0,
            1.0
        ],
        [
            1.0,
            1.0,
            1.0
        ],
        [
            1.0,
            1.0,
            1.0
        ]
    ],
    "meshPath": [
        "'/Game/ModularRuins_B/Meshes/SM_LightFloor.SM_LightFloor'",
        "'/Game/ModularRuins_B/Meshes/SM_LightFloor.SM_LightFloor'",
        "'/Game/ModularRuins_B/Meshes/SM_LightFloor.SM_LightFloor'",
        "'/Game/ModularRuins_B/Meshes/SM_LightFloor.SM_LightFloor'",
        "'/Game/ModularRuins_B/Meshes/SM_LightFloor.SM_LightFloor'",
        "'/Game/ModularRuins_B/Meshes/SM_LightFloor.SM_LightFloor'",
        "'/Game/ModularRuins_B/Meshes/SM_LightFloor.SM_LightFloor'",
        "'/Game/ModularRuins_B/Meshes/SM_LightFloor.SM_LightFloor'",
        "'/Game/ModularRuins_B/Meshes/SM_LightFloor.SM_LightFloor'",
        "'/Game/ModularRuins_B/Meshes/SM_LightFloor.SM_LightFloor'",
        "'/Game/ModularRuins_B/Meshes/SM_LightFloor.SM_LightFloor'",
        "'/Game/ModularRuins_B/Meshes/SM_LightFloor.SM_LightFloor'"
    ]
}